- name: Chris Callison-Burch
  pic: ccb.jpg
  email: ccb@upenn
  extra_title: Instructor
  office_hours: Tuesdays noon-1 and Thursdays 3-4 in Levine 506
  gender: male

- name: Carolina Zheng
  pic: carzheng.jpg
  email: carzheng@seas
  extra_title: Head TA
  lab: 203 (Monday 4-5)
  office_hours: Monday 6-8
  gender: female

- name: Veronica Wharton
  pic: whartonv.jpg
  email: whartonv@seas
  extra_title: Head TA
  lab: 213 (Tuesday 6-7)
  office_hours: Thursday 8-10
  gender: female

- name: Fifi Yeung
  pic: eyeung.png
  extra_title: Head TA
  email: eyeung@seas
  lab: 206 (Tuesday 2-3)
  office_hours: Wednesday 6-8
  gender: female

- name: Amit Patel
  pic: amitpate.jpg
  email: amitpate@seas
  lab: 205 (Tuesday 12-1)
  office_hours: Monday 8-10
  gender: male

- name: Anna O'Malley
  pic: omalleya.jpg
  email: omalleya@seas
  lab: 204 (Monday 5-6)
  office_hours: Wednesday 4-6
  gender: female

- name: Daniel Zhang
  pic: danielz.jpg
  email: danielzh@sas
  lab: 211 (Monday 3-4)
  office_hours: Tuesday 8-10
  gender: male

- name: Dylan Mann
  pic: mannd.jpg
  email: mannd@seas
  lab: 207 (Tuesday 3-4)
  office_hours: Sunday 4-6
  gender: male

- name: Jane Lee
  pic: janehlee.jpg
  email: janehlee@sas
  lab: 202 (Monday 2-3)
  office_hours: Sunday 6-8
  gender: female

- name: Jared Winograd
  pic: jwino.png
  email: jwino@seas
  lab: 215 (Tuesday 1-2)
  office_hours: Wednesday 6-8
  gender: male

- name: Joseph Gao
  pic: gaoj.jpg
  email: gaoj@seas
  lab: 212 (Monday 6-7)
  office_hours: Thursday 6-8
  gender: male

- name: Liam Gallagher
  pic: liamg.jpg
  email: liamg@seas
  lab: 201 (Monday 12-1)
  office_hours: Tuesday 6-8
  gender: male

- name: Rachel Han
  pic: hanqiao.jpg
  email: hanqiao@seas
  lab: 208 (Tuesday 4-5)
  office_hours: Saturday 4-6
  gender: female

- name: Robert Zajac
  pic: rzajac.jpg
  email: rzajac@seas
  lab: 214 (Monday 11-12)
  office_hours: Sunday 8-10
  gender: male

- name: Sadat Shaik
  pic: sshaik.jpg
  email: sshaik@seas
  lab: 209 (Tuesday 5-6)
  office_hours: Thursday 6-8
  gender: male

- name: Sumit Shyamsukha
  pic: ssumit.jpg
  email: ssumit@seas
  lab: 210 (Monday 1-2)
  office_hours: Saturday 2-4
  gender: male

- name: David Liao
  pic: liaod.jpg
  email: liaod@seas
  office_hours: Wednesday 8-10
  gender: male

- name: Gianluca Gross
  pic: ggross.png
  email: ggross@seas
  office_hours: Sunday 8-10
  gender: male

- name: Grace Huang
  pic: ghua.png
  email: ghua@seas
  office_hours: Wednesday 8-10
  gender: female

- name: Jaimie Carlson
  pic: jaimiec.jpg
  email: jaimiec@seas
  office_hours: Wednesday 4-6
  gender: female

- name: Joey Popelka
  pic: jpopelka.jpeg
  email: jpopelka@seas
  office_hours: Monday 8-10
  gender: male

- name: Kevin Huo
  pic: kevinhuo.jpg
  email: kevinhuo@seas
  office_hours: Saturday 2-4
  gender: male

- name: Mara Levy
  pic: maralevy.png
  email: maralevy@seas
  office_hours: Monday 6-8
  gender: female

- name: Pia Kochar
  pic: pkochar.jpg
  email: pkochar@sas
  office_hours: Saturday 4-6
  gender: female

- name: Tony Kang
  pic: taekan.png
  email: taekan@seas
  office_hours: Tuesday 6-8
  gender: male

- name: Trevor Huang
  pic: trehuang.jpg
  email: trehuang@seas
  office_hours: Tuesday 8-10
  gender: male

- name: Zen Luo
  pic: zhengyil.jpg
  email: zhengyil@seas
  office_hours: Thursday 8-10
  gender: male
